User ID,User Name,Node_weight,Reply Count,Retweet count,Like Count,Quote Count,Followers Count,FOllowerID,Follower name
1199832602615541760,gillianmanning_,0,0,0,0,0,96,[],[]
15911878,localbirdlady,1,0,0,1,0,1133,[],[]
735619817626013696,BKHei_,0,0,0,0,0,310,[],[]
4773015956,IsthataCrow,0,1,0,0,0,42,[],[]
120369828,thenameisjoeyy,4,0,1,3,0,926,[],[]
1289751234,trevorlogeman,3,0,0,3,0,365,[],[]
248817681,Wolfe321,6,1,3,3,2,84084,[],[]
16435200,JimMacKayOnAir,1,1,0,1,0,2240,[],[]
28377428,LudwigMarcial,0,0,0,0,0,167,[],[]
574787630,AstroCuffe,0,0,0,0,0,126,[],[]
15652540,KTVU,38,18,12,26,12,486041,[],[]
19781340,kidfresco90,0,0,0,0,0,959,[],[]
155320655,_Dure_,0,0,0,0,0,95,[],[]
1124701793508843531,victorfrmbaker2,1,0,0,1,0,143,[],[]
2891151017,jp8_28,0,0,0,0,0,241,[],[]
50987401,facesh0p,0,0,0,0,0,401,[],[]
2920253829,p0geytwitch,0,0,0,0,0,431,[],[]
2989788691,doddsie161,0,0,0,0,0,331,[],[]
1575216090,trin_wreck,0,1,0,0,0,356,[],[]
1939135699,BassandBotany,3,0,0,3,0,183,[],[]
435528282,x_El_Capitan_x,0,0,0,0,0,540,[],[]
389728796,TheEdgePHX,0,0,0,0,0,1842,[],[]
1257014405696417793,colddoorhandles,3,0,0,3,0,1258,[],[]
423588302,johnny_rob1,2,2,0,2,0,517,[],[]
23424545,ChicaLolita,0,0,0,0,0,2298,[],[]
754328070,SirCyril24,0,0,0,0,0,3624,[],[]
54662814,krystafauria,3,2,1,2,0,3853,[],[]
23383323,ryantmcg,0,0,0,0,0,141,[],[]
221969524,RandyShulman,0,0,0,0,0,1930,[],[]
1333334448,RichardOcho,2,0,0,2,0,430,[],[]
264794241,theamazingMrS,1,0,0,1,0,377,[],[]
20036546,stopthistrain28,1,0,0,1,0,737,[],[]
1434773916,ChrisFCinema,0,0,0,0,0,960,[],[]
2595086942,WonkVJ,118,1,16,102,2,12439,[],[]
14362684,aminorjourney,15,2,0,15,0,6828,[],[]
1272667207495847936,raisinguprebels,0,1,0,0,0,340,[],[]
69056997,florian_zach_,0,0,0,0,0,1200,[],[]
163570439,shadesofbloo,1,1,0,1,0,299,[],[]
35034569,wpbeyer,3,0,0,3,0,336,[],[]
383436298,srjornalisto,35,3,6,29,1,2064,[],[]
397130109,ClaudiaECohen,0,1,0,0,0,1848,[],[]
42137252,dqandrade,2,3,0,2,0,2989,[],[]
1082823834787561472,IreneD9267,0,0,0,0,0,346,[],[]
1267280503834578944,RazorbackAngel,0,0,0,0,0,184,[],[]
618541484,Word_Chucker,0,0,0,0,0,229,[],[]
934944801375563778,WilMcmillen,15,2,0,15,0,1446,[],[]
1010742118707531776,elliotecstasy,0,0,0,0,0,209,[],[]
800728460112969730,Noob326,0,1,0,0,0,49,[],[]
193390279,SandraCoh,3,2,0,3,1,1948,[],[]
610038002,BabsonJeremy,0,0,0,0,0,583,[],[]
1132746822,KaitLenMc,0,0,0,0,0,235,[],[]
37078513,GaryEaston,0,0,0,0,0,1426,[],[]
1169660587191787520,VICEStaff,8,0,0,8,0,2371,[],[]
2190027636,TheNCRB,0,0,0,0,0,820,[],[]
86044761,bankingnewsgr,2,0,0,2,0,24951,[],[]
1247230995490910210,jillesmith,0,0,0,0,0,221,[],[]
137986271,kclarity,0,0,0,0,0,723,[],[]
336651276,MajorAmerican,3,1,0,3,0,1957,[],[]
1043855265114857474,Timbowler1,2,0,0,2,0,2625,[],[]
19687330,JKuroiwa,0,0,0,0,0,2996,[],[]
1306604119,poseiduhn,1,0,0,1,0,578,[],[]
628729596,AliWelford,0,0,0,0,0,532,[],[]
80906058,MickSTaylor,0,0,0,0,0,1382,[],[]
824052913,tommolloy7,0,0,0,0,0,2397,[],[]
1201524768668897281,NewsInvicta,1,0,0,1,0,100,[],[]
1604621096,FileUnderFire,0,0,0,0,0,26,[],[]
14425522,beingbrina,49,1,6,43,1,10879,[],[]
352582073,Robert_Wesley_,0,1,0,0,0,219,[],[]
14217549,philwoodford,0,1,0,0,0,3222,[],[]
909551747319816192,WillowNBirch,27,2,4,23,1,16256,[],[]
773506930937585668,jamessnapperb,0,0,0,0,0,35,[],[]
717791458955247616,charlesdharman,0,0,0,0,0,46,[],[]
189901583,jennybrownart,9,1,0,9,0,1131,[],[]
46734506,MatthewBulgo,0,0,0,0,0,4461,[],[]
431600411,TooManyEmmas,3,0,0,3,0,5764,[],[]
20042574,morethanafeline,0,0,0,0,0,404,[],[]
19741858,notwaving,6,3,0,6,0,5648,[],[]
19135632,allexandre,1,0,1,0,0,261,[],[]
3349848874,EleanorBigby,0,0,0,0,0,1817,[],[]
1686400658,pedrovitor309,0,0,0,0,0,617,[],[]
726832298868486145,JonSebastianFer,0,0,0,0,0,1995,[],[]
177759392,MagentaRocks,1,0,0,1,0,693,[],[]
378536366,marcoghiotto,0,0,0,0,0,290,[],[]
49606238,acirne,4,1,1,3,0,4649,[],[]
1239745990078300161,time4this2stop,98,8,13,85,3,4058,[],[]
1197389405507506176,ScrumNews,0,0,0,0,0,822,[],[]
16499925,nonya_bidniss,31,4,0,31,0,2458,[],[]
13242762,criscastilho,19,2,2,17,0,1639,[],[]
6021882,jazzkat,0,0,0,0,0,393,[],[]
1172529042429370368,1BESTGRANDMA,0,0,0,0,0,3754,[],[]
944217154076971009,kyoanisbiggestf,0,1,0,0,0,88,[],[]
3312635800,gordapsabrosa,0,0,0,0,0,106,[],[]
109928603,IolandaPompilio,0,0,0,0,0,614,[],[]
2494842453,lovechabelli,2,0,0,2,0,394,[],[]
414270897,L_auraChiara,0,0,0,0,0,113,[],[]
1151732294496989184,anguish_evan,0,0,0,0,0,32,[],[]
925459130533404672,windblaster62,0,1,0,0,0,2431,[],[]
2198332088,maurizioneri79,0,0,0,0,0,1456,[],[]
39548000,silverjes,0,0,0,0,0,1022,[],[]
857670555993948160,stevieboatleft,5,0,1,4,0,1014,[],[]
540559966,lonelybokchoy,0,0,0,0,0,483,[],[]
198633872,LSUGumbo,0,0,0,0,0,618,[],[]
18756520,hannahanananana,2,0,0,2,0,65,[],[]
1055220820547682304,LeoSanto91,0,0,0,0,0,90,[],[]
3363696455,Kaiser__Franz,0,1,0,0,0,402,[],[]
23351753,Tjierra,1,0,0,1,0,508,[],[]
396646592,nicoladc1989,0,0,0,0,0,26,[],[]
1323786148720893953,porcocervo,0,0,0,0,0,2,[],[]
822992579956473857,gameofyouu,0,0,0,0,0,77,[],[]
1165215170,BetsyShiller,0,0,0,0,0,379,[],[]
1048985795804254208,dontworryharlin,2,0,0,2,0,709,[],[]
112903223,rwa_,2,0,0,2,0,832,[],[]
175227805,brittnbits,0,0,0,0,0,199,[],[]
1246208680040620037,TraeHogan,0,0,0,0,0,33,[],[]
818800320386072576,Rae0014,1,0,1,0,0,3820,[],[]
39559670,zoesfez,60,2,17,43,2,4699,[],[]
1972849159,Daavidovici,0,1,0,0,0,472,[],[]
1135617816957247488,GENmag,6,2,2,4,0,19166,[],[]
743152615320477696,gammison,1,0,0,1,0,630,[],[]
26473489,freak_astaire,0,0,0,0,0,372,[],[]
2654138582,ABobroske,1,0,0,1,0,291,[],[]
56451196,counter_heaven,0,0,0,0,0,230,[],[]
10777582,j0hn0b,0,0,0,0,0,471,[],[]
101556225,Zackarias_,45,3,8,37,2,1256,[],[]
4138899754,JaymeEpsilon,0,0,0,0,0,70,[],[]
430444860,kleptosaniac,0,0,0,0,0,340,[],[]
3107686871,UKPoliticsLive,0,0,0,0,0,5866,[],[]
1198407251725295616,JoeSheedy91,0,0,0,0,0,53,[],[]
1017794412125081600,MkBagge,1,1,0,1,0,656,[],[]
1155558563823128576,SculptorMarble,0,0,0,0,0,266,[],[]
1205513569091100677,WeReadTheoryPod,9,2,0,9,0,489,[],[]
14305066,mahir_nyc,0,0,0,0,0,2388,[],[]
2737996674,_jonathanliu,0,0,0,0,0,212,[],[]
13606542,LaserBlade,57,0,21,36,2,283,[],[]
954446653,Jordan_Hayes296,0,0,0,0,0,340,[],[]
40561933,breannarose1,1,1,0,1,0,349,[],[]
74488568,dascritch,1,1,0,1,0,3400,[],[]
709052767,Migiyoshi_GV,0,0,0,0,0,294,[],[]
21291663,Steebie_K,1,1,1,0,0,1866,[],[]
143824995,2LapsDown,0,0,0,0,0,166,[],[]
21334326,journalmetro,2,0,2,0,0,140159,[],[]
180524067,dieviviarruda,2,0,0,2,0,2711,[],[]
3657579676,Carsten2015b,1,0,0,1,0,263,[],[]
3352466116,AKADonaldTrump,63,7,8,55,1,29541,[],[]
231305571,oveja_espacial,17,0,2,15,1,2670,[],[]
194178400,tempybaby,0,0,0,0,0,192,[],[]
356326950,cowgirl_beebop,215,7,18,197,0,18736,[],[]
216241925,utahmads,81,6,0,81,1,12735,[],[]
231669342,BadMoodMorgado,7,1,0,7,0,826,[],[]
236032810,VincentArlettaz,0,0,0,0,0,3218,[],[]
1033826336,CraigWtweets,2,0,0,2,0,4958,[],[]
323669459,rmc_1492,1,0,0,1,0,468,[],[]
164337409,NotCamSmith,2,0,0,2,0,446,[],[]
758424,moarajuliana,18,2,1,17,1,5285,[],[]
1102624776470908928,Ship_Love_00,0,0,0,0,0,331,[],[]
193883484,Ebakes7,1,0,0,1,0,405,[],[]
183246455,jakobthorsoe,1,0,0,1,0,105,[],[]
219019192,dascalemuller,0,0,0,0,0,250,[],[]
372288363,2021Sardonic,3,0,0,3,0,828,[],[]
4380738854,Bad_wolf_1107,0,0,0,0,0,63,[],[]
75113916,BenjaminDThomas,0,0,0,0,0,2277,[],[]
906659107230248960,ModernTimesLB,0,0,0,0,0,564,[],[]
484915329,VincePastore,0,0,0,0,0,1163,[],[]
462183720,TariqAnwar00,1,4,0,1,0,1150,[],[]
985971296235220998,StollNews,60,1,8,52,6,18791,[],[]
1083621608,haran_tom,0,0,0,0,0,16,[],[]
45853196,dersteff0306,3,1,0,3,0,521,[],[]
997993578273034240,NomessTess,1,0,0,1,0,2648,[],[]
1064613298275065857,mecasloth,5,0,0,5,0,514,[],[]
19585080,torsui,0,1,0,0,0,128,[],[]
189305014,BNONews,1211,109,212,999,278,379303,[],[]
38239993,jackiefox_,3,1,1,2,0,9246,[],[]
21845370,Speak2Fari,0,0,0,0,0,3590,[],[]
223692928,negativedunks,1,0,0,1,1,3468,[],[]
183334236,AmarAmarasingam,1112,26,119,993,23,61513,[],[]
1072143352773120000,rareandradiant,0,0,0,0,0,81,[],[]
1181201137497710592,OptimalLoL,2,0,0,2,0,24,[],[]
15365921,abetterjulie,3,4,0,3,0,2301,[],[]
3189419282,CoxyJindas,4,2,0,4,0,1497,[],[]
3367231518,kirsteezydidit,0,0,0,0,0,144,[],[]
232743364,capt_n3m0,2,2,0,2,0,4539,[],[]
1271784918,balfies,7,0,0,7,0,1169,[],[]
27003837,evlymn,1,0,0,1,0,2748,[],[]
2453006546,jamie_dunkin,3,0,0,3,0,911,[],[]
723439690376847360,goblinbonezz,0,0,0,0,0,165,[],[]
5698002,GillesKLEIN,2,0,1,1,0,30368,[],[]
88506444,PhilNyeOnTwitch,0,0,0,0,0,314,[],[]
1529988780,imightbeb,0,0,0,0,0,539,[],[]
4093830792,anarkiwis,1,0,0,1,0,227,[],[]
215136224,IamGoldie22,0,0,0,0,0,1405,[],[]
3241815685,ContentCryptid,0,1,0,0,0,288,[],[]
31030273,BiellaColeman,27,4,6,21,1,50470,[],[]
479167314,WTFisMyCoffee,0,0,0,0,0,2901,[],[]
55984557,nadiabulkin,3,1,0,3,0,3672,[],[]
1271450338932019201,JeromeM94Movies,28,0,6,22,0,2825,[],[]
933544477506940928,flukejones,2,0,0,2,0,778,[],[]
16215298,siushi,0,0,0,0,0,8323,[],[]
42086807,chriiistopheeer,0,0,0,0,0,1413,[],[]
2198836632,MalcoImFleX,13,0,0,13,0,1630,[],[]
2597019750,hijackurbitch,3,2,0,3,0,848,[],[]
611538057,EsruTheGreat,3,0,0,3,0,594,[],[]
237441820,cacajuice,1,0,0,1,0,2051,[],[]
1282890312,LarsGAndersen,0,0,0,0,0,65,[],[]
15682811,lookatlao,0,0,0,0,0,784,[],[]
1018397298,Sw33tSiren,0,0,0,0,0,95,[],[]
105254167,DavieGreig,8,1,1,7,0,18173,[],[]
1136032692275961857,cuntyandcute,4,0,0,4,0,297,[],[]
26780297,drocklin,2,0,0,2,0,561,[],[]
347017538,MsMerope,1,1,0,1,0,109,[],[]
74000036,96Henrique,1,0,0,1,0,4962,[],[]
4755501633,hughjmungo_,3,1,0,3,0,441,[],[]
117535296,Summerawaits,9,1,0,9,1,10066,[],[]
18588943,cjkeller,0,2,0,0,0,2823,[],[]
784030159678693376,FloridaGal0814,3,0,2,1,0,3257,[],[]
3980628927,parisbellat,1,1,0,1,0,139,[],[]
45363312,Hawaiianpixie,0,0,0,0,0,751,[],[]
148590710,fairywench_1,1,0,0,1,0,1315,[],[]
1015682878406045696,CarolynGarman5,4,2,0,4,0,7616,[],[]
1915502204,sportmodebri,2,2,0,2,0,650,[],[]
1197960799840395264,crappingturds,8,3,0,8,0,846,[],[]
1277407445833244672,lazyprimate,0,0,0,0,0,118,[],[]
569449580,ArsZek,0,0,0,0,0,1988,[],[]
17844688,NapNapNapping,0,0,0,0,0,97,[],[]
78671878,spintokid,0,0,0,0,0,393,[],[]
15067515,44,5,1,0,5,0,4523,[],[]
958778807766237184,ManDaveJobGood,6,0,0,6,0,5577,[],[]
35813429,slafrenaye,0,0,0,0,0,131,[],[]
746475842096762880,Tripirina,1,0,0,1,0,27,[],[]
259704655,PatriotKong,0,0,0,0,0,15,[],[]
925274137697828864,UkrainianOne1,1,0,0,1,0,9,[],[]
18027470,Mike_Justman,2,0,0,2,0,194,[],[]
65455568,ClareOdell18,0,0,0,0,0,162,[],[]
31094410,BoxeR_King_AUS,1,2,0,1,0,834,[],[]
4202145072,tohno_mskw,0,0,0,0,0,117,[],[]
16152553,UnionSt,10,1,0,10,1,5059,[],[]
264343871,oMarkk_,1,0,0,1,0,521,[],[]
2247808646,imHilarrryous,6,0,1,5,0,435,[],[]
1221521440375263232,wellthatsadub,0,0,0,0,0,115,[],[]
285896328,Sane_chic,1,0,0,1,0,1094,[],[]
15397792,gabbyvice,7,1,0,7,1,965,[],[]
824731065520574466,AltUSDOJ,4,4,0,4,0,32327,[],[]
151473243,channingj,1,0,0,1,0,274,[],[]
1286173213676847106,Truthjusticefr3,0,0,0,0,0,160,[],[]
223004889,leannebug,0,0,0,0,0,3255,[],[]
1222874511906832385,NotInTheFace_69,1,0,0,1,0,181,[],[]
906429026,merkabaddi,9,0,1,8,1,3992,[],[]
26010290,GregNoire,4,1,0,4,0,13384,[],[]
1267784095519707137,HayleyTurnbul12,0,0,0,0,0,644,[],[]
232028780,greggorox,0,0,0,0,0,1002,[],[]
2955262611,DMConstantino,1,0,0,1,0,1347,[],[]
791742307,kirk_bado,127,3,35,92,8,7254,[],[]
522396943,_PeteSmith_,5,4,0,5,1,8972,[],[]
14360388,redfabiuz,1,0,0,1,0,617,[],[]
93590229,_colecarroll,1,0,0,1,0,409,[],[]
385096222,Cym0n_,1,1,0,1,0,625,[],[]
1067934797350268928,notesfromdad1,0,0,0,0,0,35,[],[]
3009878600,B00TL1CK3R,1,0,0,1,0,73,[],[]
171432593,gomaf502,0,0,0,0,0,149,[],[]
95369720,_mardial_,72,4,2,70,0,135623,[],[]
855233537192194048,cbwop64,1,1,0,1,0,198,[],[]
1168979705002962946,rosethornreaper,0,0,0,0,0,143,[],[]
365112577,BrianMurrayAZ,4,0,1,3,0,1801,[],[]
1167936614959632384,K_DK_R,0,1,0,0,0,33,[],[]
546556071,jonahloeb,1,1,0,1,0,833,[],[]
979535132909604864,frankuskramer,1,0,0,1,0,165,[],[]
7920612,Scopi,2,0,0,2,0,167,[],[]
859819578796392448,Conkorde_,0,0,0,0,0,117,[],[]
811686071989915649,__The__Juan__,0,0,0,0,0,116,[],[]
133480888,LaurenKrissss,0,2,0,0,0,424,[],[]
16861646,TheBrainDad,1,0,0,1,0,263,[],[]
923485897982709762,Nina_Reim,0,0,0,0,0,11,[],[]
222999361,marcelaorjuela9,0,0,0,0,0,510,[],[]
1287577223088803844,culantropty,0,0,0,0,0,2,[],[]
1317096129717325824,kris_deering,1,0,0,1,0,219,[],[]
1264927670,thedianhanson,5,2,0,5,0,624,[],[]
885507673,MattieTimmer,28,3,2,26,0,11777,[],[]
12211422,plutoniumpage,2,1,0,2,0,3659,[],[]
22590877,jgomez89,1,2,0,1,0,774,[],[]
1134579431119433728,billbotics,0,0,0,0,0,29,[],[]
282252035,RichardGarn_,1,1,0,1,0,362,[],[]
1161205805208592384,VM_Sigh,4,0,0,4,0,172,[],[]
161313365,geekscanbecool,0,1,0,0,0,319,[],[]
14638036,kstahl,3,0,0,3,0,964,[],[]
45020866,Dee25TH,0,0,0,0,0,1204,[],[]
1275601928194588672,SimoneabIe,2,1,1,1,0,225,[],[]
594726412,theahro,5,0,0,5,0,2167,[],[]
331989193,cynlouhoo,2,0,1,1,0,470,[],[]
420229699,hansbrenna,2,1,0,2,1,1436,[],[]
83011248,MotherOfWieners,2,2,0,2,0,336,[],[]
1213907657964212224,isacolopez_,5,1,0,5,0,207,[],[]
351715132,carljackmiller,111,1,34,77,5,26421,[],[]
829283974316949504,MsTrishMack,0,0,0,0,0,593,[],[]
630134045,Kajuhiroba,0,0,0,0,0,488,[],[]
1311852743632457728,HumbleMaga,0,0,0,0,0,0,[],[]
4734738438,PirateAtLaw,0,0,0,0,0,1366,[],[]
454687112,thatsheyyii,0,0,0,0,0,7372,[],[]
2710082861,Jolindley1906,0,0,0,0,0,119,[],[]
24662606,notthatamanda,0,0,0,0,0,544,[],[]
961812106097049606,cognitohazard_,2,0,0,2,0,129,[],[]
2565997189,LemonSlayerUS,7,1,0,7,0,2315,[],[]
867391041879625728,boring2018,4,1,0,4,0,119,[],[]
459374161,billy_bstard,0,0,0,0,0,877,[],[]
3488579533,kylemewburn,4,0,0,4,0,749,[],[]
1486184946,ngiiii3,3,1,1,2,0,610,[],[]
842712051114020864,DiaDuitTu,11,1,0,11,0,1217,[],[]
384353422,jimmy_ecker,0,0,0,0,0,542,[],[]
381877519,itsdairyqween,1,0,0,1,0,90,[],[]
25304599,ChillWencaster,0,0,0,0,0,187,[],[]
329944778,serena_harris,4,0,1,3,0,575,[],[]
702887128460599296,JosefBrato,3,0,0,3,0,2487,[],[]
114127519,LuchadorDick,7,2,0,7,1,506,[],[]
1287225156,AndrewKaiko,4,1,2,2,0,1191,[],[]
3020161308,notgeorgemurray,16,0,0,16,0,118,[],[]
296303267,Kirika_Yuumura,1,1,0,1,0,757,[],[]
2838336119,Le_VMasque,0,0,0,0,0,583,[],[]
1249217678901800962,MungTani,14,0,0,14,0,518,[],[]
4310615602,pportunistic,3,1,0,3,0,511,[],[]
1159902606770266113,SandorTechmaker,3,1,0,3,0,786,[],[]
742991376770555905,yonaishofuku,0,0,0,0,0,121,[],[]
1000062578855436290,PeraltaBoi,1,1,0,1,0,239,[],[]
1310255107301408768,blunt_totally,0,0,0,0,0,18,[],[]
905360858,candaceweaver7,0,1,0,0,0,642,[],[]
1221139959622619137,YM0AnhDLYioOvjx,0,0,0,0,0,166,[],[]
8545292,adaltoledo,0,0,0,0,0,593,[],[]
1159599288105574401,JackofDyamonds,0,0,0,0,0,2304,[],[]
1209851189195628544,me_hun_yaar,6,1,0,6,0,104,[],[]
967162960354463745,PeterSt89266047,0,0,0,0,0,44,[],[]
3036404074,KivanBay,20,1,0,20,0,18875,[],[]
3306428618,holy_scriptman,1,0,0,1,0,1913,[],[]
312905622,_RiotKaren,6,0,0,6,0,601,[],[]
871126512803741696,TheInfamousPTH,0,0,0,0,0,152,[],[]
607750727,CricketnBeer,0,0,0,0,0,541,[],[]
124829776,jerrydelorenzo,3,0,0,3,0,1126,[],[]
1295946905831211009,youcallmeQok,0,0,0,0,0,788,[],[]
882571730748923906,ChallandRomain,15,2,1,14,0,17203,[],[]
1294111078306082821,gaza_kc,0,0,0,0,0,6,[],[]
1140317361821626368,PulpitoP,2,0,0,2,0,2202,[],[]
1292163512912031744,JacobRozz,0,0,0,0,0,76,[],[]
1000376744,lbeachl,2,0,0,2,0,273,[],[]
282893733,MoufRunnethOver,0,0,0,0,0,129,[],[]
8654002,daeviant,0,0,0,0,0,1035,[],[]
2466349112,pizzatopping23,0,0,0,0,0,143,[],[]
712034655579537408,anthoniexg,16,0,0,16,0,2439,[],[]
4872997511,mkp231,6,0,0,6,0,488,[],[]
252512969,AndreasSFN,0,0,0,0,0,82,[],[]
130065348,andreopines,3,0,0,3,0,2382,[],[]
277753847,cdraff,0,0,0,0,0,92,[],[]
839997906,shittycryptid,1,0,0,1,0,274,[],[]
17634444,james_a_lewis,2,0,1,1,0,3427,[],[]
113395630,rkbarney,16,1,0,16,0,1937,[],[]
48200207,JaredWalczak,2,0,0,2,0,3946,[],[]
838801549237301248,stuffishare,0,0,0,0,0,15,[],[]
818923764549357568,lstannersl,6,0,1,5,1,35,[],[]
163891168,LarishJulio,1,1,0,1,0,384,[],[]
1151907686239240193,BeTheVoiceOfRe1,0,0,0,0,0,95,[],[]
104232457,IceColdColeman,4,3,0,4,0,351,[],[]
3326371211,nolifeneet,89,1,14,75,2,2518,[],[]
1954267650,Goofy_Thoughts,0,0,0,0,0,145,[],[]
26207988,slindbla,5,0,1,4,0,4231,[],[]
2758214725,CCKARASU,0,0,0,0,0,356,[],[]
819299064906993665,JackRosenNYC,4,3,1,3,0,6091,[],[]
3118712358,StyledToSparkle,1,0,0,1,0,470,[],[]
2265391380,evpackk,3,0,0,3,0,275,[],[]
855921549081182209,SerPlenoDharma,1,1,0,1,1,236,[],[]
944641346,ChevyKnuckles,0,0,0,0,0,68,[],[]
875861127284092928,HershaWayne,0,0,0,0,0,22,[],[]
1130720818353319941,MustacheCthulhu,2,0,0,2,0,75,[],[]
1322208351447666688,Not_Ryan_Center,1,1,0,1,0,93,[],[]
47532738,EvansBrad,0,0,0,0,0,756,[],[]
713094214284926976,20thPresident,5,0,1,4,1,1652,[],[]
904636278,MichaelJayFoxy,4,0,0,4,0,69,[],[]
512468455,eternallyturnt,29,2,4,25,0,188,[],[]
188057113,i4shiva,3,0,0,3,0,594,[],[]
99599583,coolgarydotnet,2,0,0,2,0,478,[],[]
27948423,junetree,0,0,0,0,0,346,[],[]
766940210,allxandramtangi,0,0,0,0,0,1085,[],[]
162041807,antoniotecuenta,4,0,2,2,0,1487,[],[]
107759788,CrackedMarbles,2,1,0,2,0,429,[],[]
631183130,iammarcospena,0,0,0,0,0,259,[],[]
1323585761766244353,honigmarlone,2,0,0,2,0,55,[],[]
921484837,DrRandyPaterson,1,1,0,1,0,1546,[],[]
923774693953490944,ArtAndMusic__,0,0,0,0,0,143,[],[]
231554985,HeadlessDildo,3,1,0,3,0,2488,[],[]
20396057,m3rmaidmelia,4,1,0,4,0,1071,[],[]
196030726,listentobr3ak,0,0,0,0,0,636,[],[]
839820726777544705,jm_alexia,10,1,1,9,0,7545,[],[]
23602073,jamesjguthrie,0,0,0,0,0,574,[],[]
1153492403900375040,AuntTed,0,1,0,0,0,312,[],[]
2227475827,presidentialpab,0,0,0,0,0,1046,[],[]
440253944,talk_to_Dave,0,0,0,0,0,69,[],[]
16688389,Heather_Poole,6,0,0,6,1,88666,[],[]
1199464651009884160,praxis_poet,0,0,0,0,0,31,[],[]
754532993104875520,Kitei6,0,0,0,0,0,351,[],[]
752290700,SincerelyMaddie,1,1,0,1,0,130,[],[]
14532355,AdamCozens27,6,1,1,5,0,5629,[],[]
581661166,FreshFriendz,72,7,2,70,0,6083,[],[]
110516929,mellyann12,0,0,0,0,0,44,[],[]
1282551251180322816,BidenReps,224,2,24,200,1,29668,[],[]
2418099208,sveinborse,0,1,0,0,0,106,[],[]
1265839157621841921,andrewrush56,0,0,0,0,0,1160,[],[]
17017342,jordha,3,0,0,3,0,1806,[],[]
3337171,etherbrian,4,0,0,4,0,40197,[],[]
2583284214,bjamz_,9,0,1,8,2,292,[],[]
279212858,PrinceJauan,0,0,0,0,0,8431,[],[]
167970719,EditMiami,0,0,0,0,0,298,[],[]
838612792831688704,fera_lady_Z,2,0,1,1,0,1562,[],[]
884081326495805440,CapturedSociety,0,0,0,0,0,37,[],[]
858476808152514560,emb3rz,1,0,0,1,0,312,[],[]
16463929,joeljupp,3,0,0,3,0,856,[],[]
2700641839,GrindrNames,0,0,0,0,0,430,[],[]
1217824314302652416,PredictionTrade,3,0,0,3,0,973,[],[]
2426384660,tthe_riddler,0,0,0,0,0,71,[],[]
3510351374,mstijepovic24,1,1,0,1,0,59,[],[]
1102708881489313798,BrittanyFink13,7,0,0,7,0,2353,[],[]
311683022,demonwife3000,12,0,2,10,0,536,[],[]
31257520,viktor888,2,1,0,2,0,1081,[],[]
20657448,terryfosterdet,11,21,0,11,0,141381,[],[]
1095278483163541506,DerEchteGRIMM,0,0,0,0,0,319,[],[]
832252674330333184,No2NeriNeri,0,0,0,0,0,165,[],[]
108231072,antiracismjp,0,0,0,0,0,202,[],[]
773532532948295680,owoaoeuwu619,0,0,0,0,0,97,[],[]
833916018783301633,AwHeckItMalecks,5,0,0,5,0,115,[],[]
579350133,BasedCorp,0,0,0,0,0,917,[],[]
350057848,heyitshaleyb,4,0,0,4,0,1029,[],[]
1275472931615735808,BetterAmerica20,23,1,2,21,0,2602,[],[]
432173091,alkalinesolo33,0,0,0,0,0,77,[],[]
42817731,rzn2blv,1,0,0,1,0,3709,[],[]
1224280837295751169,CaskieYT,4,0,0,4,1,746,[],[]
2912920591,RPGDad317,13,2,0,13,0,7834,[],[]
161624287,sakase_juice,0,0,0,0,0,402,[],[]
465794360,shaunjette,1,1,0,1,0,99,[],[]
126462009,zackyrice,0,0,0,0,0,204,[],[]
2985411664,charlesdebrux,0,0,0,0,0,608,[],[]
7815062,mitch23,0,0,0,0,0,332,[],[]
384115745,AQ_icebox,0,2,0,0,0,1283,[],[]
944953566,mellamojuliana_,0,0,0,0,0,636,[],[]
909842826887942146,m0ntressor,0,0,0,0,0,34,[],[]
732961601964412929,MettaWorldCoup,6,1,0,6,0,1116,[],[]
154354832,franceconomie,0,0,0,0,0,336,[],[]
20580004,Galleygirl,0,0,0,0,0,45,[],[]
1080956642043326465,prof_sandy,11,3,0,11,0,685,[],[]
76663506,beniuo,0,0,0,0,0,433,[],[]
97009948,ladyunicornejg,5,1,0,5,1,582,[],[]
1298048454271229952,mol_zeynep,7,2,1,6,1,6116,[],[]
1384375224,crs_naoto,1,0,0,1,0,99,[],[]
2269273748,GlennARathn,4,0,1,3,0,2820,[],[]
565774603,outtatime_joey,0,0,0,0,0,35,[],[]
36522830,leanonberger,3,0,0,3,0,1230,[],[]
253387090,robertjmonson,119,11,0,119,0,14835,[],[]
1243778356706832384,exac2020,0,0,0,0,0,150,[],[]
802953763,LucasT_CCL,1,0,0,1,0,4,[],[]
41355255,eisuke1982,0,0,0,0,0,287,[],[]
1250844499473022976,YoukiYoukon,0,0,0,0,0,108,[],[]
968829648,hoopersnook,11,1,0,11,2,3103,[],[]
2202218856,MikeyToner,5,0,0,5,0,147,[],[]
1084996294672826369,Christf16193456,0,0,0,0,0,31,[],[]
987702660,aolivares11,3,0,0,3,0,192,[],[]
1121808080751063040,Kojilowel,0,0,0,0,0,215,[],[]
3038178633,NazDreaming,0,0,0,0,0,540,[],[]
1207470097885024257,valwaslike,4,1,1,3,0,44,[],[]
9145112,raffibag,1,0,0,1,0,376,[],[]
140148920,CharlieWBrennan,1,0,0,1,0,563,[],[]
537827926,ogura_singo,1,0,0,1,0,120,[],[]
1268001362241032192,alyceintheglass,1,0,0,1,0,25,[],[]
556584205,Davidgi53547222,0,0,0,0,0,72,[],[]
16753407,Justin_Ling,562,24,48,514,24,136235,[],[]
5539902,JeffQuinton,0,0,0,0,0,4863,[],[]
1312054636648554496,ALONZO52809636,0,0,0,0,0,35,[],[]
208689388,Daiseyjane01,18,2,4,14,1,1870,[],[]
541935011,clarapopp,4,0,0,4,0,285,[],[]
298714469,Miacofmh,0,0,0,0,0,327,[],[]
589517525,TakahaneKazan,0,0,0,0,0,109,[],[]
1148954540336533504,NoWAYNE3,0,0,0,0,0,143,[],[]
5792262,YamakenIC,0,0,0,0,0,905,[],[]
457048605,SABELMEDINA,8,0,3,5,0,2045,[],[]
215268994,HamakkoT,0,0,0,0,0,0,[],[]
227075153,mati_amg,0,0,0,0,0,1691,[],[]
701775157,goddamnitangie,0,0,0,0,0,153,[],[]
1037119710796697600,dojavato,6,2,0,6,0,1844,[],[]
536524693,johnnymac2220,18,1,4,14,1,7531,[],[]
592998906,chaserharrison1,57,2,0,57,0,1984,[],[]
253982157,arimaaaaa,1,0,0,1,0,1952,[],[]
2790741830,RLuzetski,0,1,0,0,0,164,[],[]
1321256552561561600,DSteff6,0,0,0,0,0,53,[],[]
3185090780,bwiroan,0,0,0,0,0,423,[],[]
67644573,MauroAhumada,0,0,0,0,0,526,[],[]
1250139419086147585,AnarkoResistor,0,0,0,0,0,206,[],[]
226571407,49n76,0,1,0,0,0,1275,[],[]
2278132152,youngfitti1,0,0,0,0,0,414,[],[]
216949930,FranklinFine,0,0,0,0,0,57,[],[]
133894581,jomiesaurus,0,0,0,0,0,255,[],[]
1244226536401592320,Guniru2106,0,0,0,0,0,65,[],[]
1259939497807982594,benza_adane,0,0,0,0,0,327,[],[]
525006087,mauricebilli,2,0,0,2,0,1466,[],[]
1550614488,cosmic_heartist,0,0,0,0,0,641,[],[]
1301985232665673730,4DaSkankBank,1,0,0,1,0,12,[],[]
44832407,John_Scotus,11,2,2,9,0,30579,[],[]
819934521835433985,Alt_Pythia,0,0,0,0,0,379,[],[]
93978201,NuttyNutsford,0,0,0,0,0,62,[],[]
306470902,BrandonWils0n,1,1,0,1,0,343,[],[]
1161195602295889920,tillfallighet,3,1,1,2,0,452,[],[]
756974016439529472,pissedoffmuggle,8,4,0,8,0,960,[],[]
2246342706,justray1111,6,1,0,6,0,6149,[],[]
22278527,Ronnie_ASA,0,0,0,0,0,102,[],[]
42868950,MsLisaMG,0,0,0,0,0,7,[],[]
187230941,_Ameominaka,0,1,0,0,0,9282,[],[]
1321109737501581312,mubarak65032487,0,0,0,0,0,0,[],[]
927631571686907904,AmITooRemoved,49,0,6,43,0,1403,[],[]
1244205931,sakuma_fukuoka,0,0,0,0,0,173,[],[]
840036371196665857,aubameyang_ARS,0,0,0,0,0,357,[],[]
1236251088262582273,hiirrookki1433,2,0,0,2,0,976,[],[]
20601237,natural20,15,0,1,14,0,3049,[],[]
329474765,LM_lightning,0,0,0,0,0,844,[],[]
1260279834,AdavisWilliams,0,1,0,0,0,863,[],[]
292279194,asitabanotempra,0,0,0,0,0,142,[],[]
37886783,lauracosta_13,4,2,0,4,0,21412,[],[]
2210971754,mio1973,1,1,0,1,0,128,[],[]
64752926,Juncidis,0,0,0,0,0,634,[],[]
995331950322700288,t2_TT24,0,0,0,0,0,288,[],[]
505017242,Hagalaz667,0,0,0,0,0,251,[],[]
1250271066632540160,YYzzrlXvkJmojhD,0,0,0,0,0,5,[],[]
1243111047780806656,Trick177,1,0,0,1,0,13,[],[]
144141758,MrDenorris,0,1,0,0,0,3247,[],[]
97338803,b503yukikaze,0,0,0,0,0,1471,[],[]
139328853,Vic_Rollison,1336,87,217,1119,22,38486,[],[]
22271857,Steven_Will,2,1,0,2,0,369,[],[]
1131403264157573121,dh2yBGs1rPuKPcp,1,0,0,1,0,17,[],[]
1004802421573312512,kaya_sep,46,1,12,34,2,446,[],[]
120035946,Une_Vaness,1,1,0,1,0,453,[],[]
825566201950539776,Nailima__,0,1,0,0,0,31,[],[]
937472391319572480,feniancoxy,3,0,0,3,0,1790,[],[]
1096355989698183168,qtyjepaaay,8,4,0,8,0,187,[],[]
888982628300226560,csy1ftm31,12,1,1,11,2,1208,[],[]
38742638,rafaelson,0,0,0,0,0,491,[],[]
120301556,Bouchos,0,0,0,0,0,1133,[],[]
238630423,gaitvanhelle,7,3,3,4,1,97,[],[]
1045035241004552193,politicabot,0,0,0,0,0,611,[],[]
775279681213960192,PaulaPasst,21,4,1,20,0,3343,[],[]
889674420209557508,TyBoTheKing,0,0,0,0,0,48,[],[]
18637247,dennismons,11,2,0,11,0,5260,[],[]
849032679743905792,zan_hok,0,0,0,0,0,254,[],[]
979727503521705984,KarlEmme1,0,0,0,0,0,448,[],[]
1423213862,AEskolin,0,0,0,0,0,136,[],[]
5902812,MATUKEN,0,0,0,0,0,914,[],[]
479222975,ghotictox,1,2,0,1,0,78,[],[]
2805743474,jntod,8,1,0,8,0,11035,[],[]
72688314,BlackElleWoods,0,1,0,0,0,5023,[],[]
4399786515,drisriphagen,1,0,1,0,0,33,[],[]
864566700209033216,bethalicetwigg,2,0,0,2,0,231,[],[]
1628838176,hansrainier,4,0,0,4,0,187,[],[]
1719849704,Kira_Leighh,4,0,0,4,0,209,[],[]
16691695,Depressionista,0,0,0,0,0,124,[],[]
773009000,GonzoHacker,7,2,0,7,0,12354,[],[]
32669068,SusanDeeW,3,0,1,2,0,2150,[],[]
1313650026,kanatadouble,0,0,0,0,0,2611,[],[]
90383887,Sanfello,19,0,0,19,0,3641,[],[]
1323493930890133505,sanegnabry,0,0,0,0,0,1208,[],[]
77185707,DLeBrizzle,0,0,0,0,0,204,[],[]
1124149069692059648,LawXSGaming,0,0,0,0,0,123,[],[]
3587659753,Purgatorrie,0,0,0,0,0,83,[],[]
824539815009935362,iamswolverine,0,0,0,0,0,517,[],[]
1250249344764252165,huanchortdick7,0,1,0,0,0,57,[],[]
107539007,babetician,0,0,0,0,0,784,[],[]
14505213,Aedialia,4,1,1,3,0,78,[],[]
190448926,Asalimi,0,0,0,0,0,14,[],[]
1195545034688360448,thegalltopaul,0,0,0,0,0,81,[],[]
2941387592,sjake333,3,0,0,3,0,790,[],[]
31406754,John_Down_ing,0,0,0,0,0,42,[],[]
1221628866281660416,swl96830698,0,0,0,0,0,32,[],[]
1025755339138818048,Nagarebosixi,0,0,0,0,0,446,[],[]
2875418044,AlexRemnick,8,0,0,8,0,1069,[],[]
1907938004,batescott,5,1,1,4,0,144,[],[]
2764833361,princesDameron,2,0,0,2,0,1443,[],[]
1323040465776640001,PaularthurKing2,0,0,0,0,0,19,[],[]
2951367198,jacobrspooner,0,0,0,0,0,1533,[],[]
285291412,truststu,1,0,0,1,0,1550,[],[]
94496757,MGF91,210,9,24,186,6,18754,[],[]
1162234201636130816,g1_d4rk,0,0,0,0,0,254,[],[]
14212861,leonc,0,0,0,0,0,961,[],[]
389904778,ErecYeager,10,0,0,10,0,8715,[],[]
970760189006811136,afghan_banan,0,0,0,0,0,2636,[],[]
35834338,MithterPitthley,0,0,0,0,0,178,[],[]
771207541959200772,CowboyPeeBot,0,0,0,0,0,49,[],[]
191091544,WhereDidJennyGo,0,0,0,0,0,1000,[],[]
369286512,carlospaoli1,6,1,0,6,0,1296,[],[]
2314512770,Red_Jonkks,2,1,0,2,0,197,[],[]
826644105262485504,zonexkiller,2,1,0,2,0,850,[],[]
153254202,Marionmarooned,1,0,0,1,0,1385,[],[]
60608730,Roj_Ame,122,6,9,113,0,11018,[],[]
3022651220,frikinomad,0,0,0,0,0,23,[],[]
1202361977764532226,mikepella4,0,0,0,0,0,6186,[],[]
622868204,mojitoconazucar,6,2,0,6,0,2609,[],[]
1311659107447865345,Tom83454059,0,0,0,0,0,0,[],[]
973223645467340800,AdamAnarchos,0,0,0,0,0,1692,[],[]
387900968,danbbaer,84,1,12,72,0,20912,[],[]
1885090663,huntthesnark,1,0,0,1,0,2227,[],[]
1723296841,ryanimal34,1,0,0,1,0,739,[],[]
55705912,azmazing,3,1,0,3,0,109,[],[]
68594231,aLilNightMusing,0,1,0,0,0,795,[],[]
21960961,velveteenrabbi,17,2,0,17,0,6430,[],[]
4296420133,AlexAlvira90,6,1,0,6,0,65,[],[]
897591821148319744,louloudis_kim,0,0,0,0,0,1954,[],[]
30930849,bobosmosis,0,0,0,0,0,792,[],[]
1253917200878112775,pumpedballoon,4,1,0,4,0,344,[],[]
14600386,MoreTruthiness,0,1,0,0,0,290,[],[]
797923194548224000,miagl11,1,0,0,1,0,5093,[],[]
255024701,ginny_sais_quoi,7,1,0,7,1,2837,[],[]
517053951,GregMcCorkle,0,0,0,0,0,62,[],[]
741484641283084290,EliteBuba,0,0,0,0,0,223,[],[]
777694841345941504,SruizgS,1,0,0,1,0,301,[],[]
478156760,DOTmjo,0,0,0,0,0,222,[],[]
2932196295,juangonzalezzz_,7,1,0,7,0,688,[],[]
878259461004996608,TeaBanuwu,0,0,0,0,0,829,[],[]
70281537,christoallegra,1,0,0,1,0,250,[],[]
279243271,Music_Defined,0,0,0,0,0,1142,[],[]
1292472416028053506,MiniTuxedo,1,0,0,1,0,555,[],[]
385088773,sorcerer_poet,3,1,0,3,0,201,[],[]
838926744690311168,ozoemena_nimm,0,1,0,0,0,132,[],[]
29255074,taquitoroller,27,0,0,27,1,2640,[],[]
29164763,clue2025,0,0,0,0,0,417,[],[]
3012652179,MarkSuter4,0,0,0,0,0,2521,[],[]
1267284206507438081,levolech,0,1,0,0,0,570,[],[]
1264697979283427331,KnoxvillBaggins,1,0,0,1,0,8,[],[]
946630581495873536,bluehawaiipod,1,1,1,0,0,841,[],[]
41667531,Jeff_Burk,4,0,0,4,0,1473,[],[]
982245792365752323,CSellars15,0,0,0,0,0,335,[],[]
1295434170399887363,macbuzio,0,0,0,0,0,26,[],[]
14212125,mattrudinski,3,1,0,3,0,832,[],[]
108721604,gingerhasswagg,2,0,0,2,0,857,[],[]
987260407512489984,ArtsAndKravts,0,0,0,0,0,120,[],[]
347841664,eak_19,0,0,0,0,0,279,[],[]
1211290698231640064,RoiCharbonneur,0,0,0,0,0,223,[],[]
62428364,itsmeEIMILE,7,0,0,7,0,240,[],[]
35592225,carlamoraga,0,0,0,0,0,2227,[],[]
1296273311903682560,Kimosab56580835,0,0,0,0,0,10295,[],[]
2557976610,networkMCI,5,0,0,5,0,654,[],[]
1317289826,97thsensei,0,0,0,0,0,2388,[],[]
700789786643140613,kjfeeley,11,1,0,11,0,1719,[],[]
832978169087000577,dearbroad69,18,2,0,18,0,278,[],[]
992139352728748034,PillHard,0,0,0,0,0,599,[],[]
855501017936531457,Caritas701,0,0,0,0,0,59,[],[]
1017788238977646593,WhiteLiesMatta,0,0,0,0,0,1693,[],[]
30817725,RottenKitty,0,0,0,0,0,601,[],[]
742174112580308993,Gyra_Solune,4,0,1,3,0,579,[],[]
952030082335477760,litlGuillotine,1,0,0,1,0,4310,[],[]
368122599,OscarDelDiablo,37,1,4,33,0,16599,[],[]
20606095,JeffSmithMO,39,6,3,36,0,13237,[],[]
3054394507,Pixxz_,0,0,0,0,0,279,[],[]
19468868,Shep133,3,1,0,3,0,1507,[],[]
2695,stevegio,3,0,0,3,0,449,[],[]
762862351112470528,glennbdg,0,1,0,0,0,19,[],[]
1188472036735291392,thinkerdunord,4,1,0,4,0,4224,[],[]
136494487,PSU_JJJ,3,0,0,3,0,822,[],[]
2657597758,notheretobewoke,0,0,0,0,0,2397,[],[]
228786825,aninetiestrend,9,1,0,9,0,2355,[],[]
35311989,BrittKnee_C,41,6,2,39,1,3856,[],[]
600744964,RayMSinclair,0,1,0,0,0,246,[],[]
1249093309932408833,MisleadingYT,0,0,0,0,0,35,[],[]
60387708,spooky__bby,1,0,0,1,0,229,[],[]
1305676350846459907,KathyMi25245408,0,0,0,0,0,1,[],[]
1182056867209465856,dlovss,0,0,0,0,0,693,[],[]
1286448731324157953,2020freedomfor1,0,0,0,0,0,2,[],[]
1298822767962288128,LucaMerrill,6,0,0,6,1,2252,[],[]
128698266,k3vvvvv,2,3,0,2,1,723,[],[]
1295737440834072576,JamesWe52399439,0,0,0,0,0,1,[],[]
48722358,RaiderPaul70,5,1,2,3,1,423,[],[]
35969356,Earth_Woman1,1,1,0,1,0,425,[],[]
236247352,holiday311,0,0,0,0,0,67,[],[]
182652409,TheRexWolff,1,0,0,1,0,547,[],[]
75427122,Charley_Plowman,0,0,0,0,0,175,[],[]
1336365685,nani_fox,18,1,0,18,0,855,[],[]
19960079,rhaiTz,3,3,0,3,0,542,[],[]
612615314,dean1903,0,0,0,0,0,1756,[],[]
1267211843233349632,zweefzeug,0,0,0,0,0,15,[],[]
770753411667156992,soul0nline,4,1,0,4,0,581,[],[]
1155553224688046080,DeborahGayleRo1,0,0,0,0,0,676,[],[]
2442466385,SwanOfTuonela,211,9,19,192,5,16685,[],[]
336270766,natalielorrain,12,1,0,12,0,299,[],[]
1449274674,NikkiBeCoolin,0,0,0,0,0,377,[],[]
14365402,BladeCunningham,2,1,0,2,0,770,[],[]
22873606,katiemcvay,3,0,0,3,0,4850,[],[]
2518576260,seppuku_boy,0,0,0,0,0,125,[],[]
5819462,Renato_Guillen,35,1,4,31,0,7553,[],[]
2352278821,OpusPublicum,3,1,0,3,1,851,[],[]
853276303,Lolzrena,6,1,0,6,0,126,[],[]
14669803,alfredshitcock,2,0,0,2,0,585,[],[]
920111754113355776,OakCliffDaddy,9,1,2,7,0,324,[],[]
342836049,MarcioPochmann,284,5,52,232,5,61454,[],[]
15022313,uglybugdisco,2,0,0,2,0,584,[],[]
2979183190,djbbybokchoy,4,4,0,4,0,460,[],[]
978406028470575110,LMHinkey,1,1,0,1,0,310,[],[]
1313813946814681088,incog56957529,0,0,0,0,0,14,[],[]
1231190611346239488,acidlefty,5,1,0,5,0,84,[],[]
2382901662,maggock,1,3,0,1,0,870,[],[]
4108830441,jbcb189,0,1,0,0,0,832,[],[]
1709955374,Paul_Raphaely,1,0,0,1,0,1524,[],[]
1976199990,sarahschlauch,1,0,0,1,0,107,[],[]
25639783,fartcai,15,1,3,12,0,2131,[],[]
865338158996652032,victoriavsalt,0,0,0,0,0,2127,[],[]
23603651,Mike_In_216,2,0,1,1,0,308,[],[]
617338375,WhiskeySam99,2,1,0,2,0,466,[],[]
132673879,rojitweets,0,0,0,0,0,251,[],[]
724892234,colleenkpowell,0,0,0,0,1,163,[],[]
67940616,TedInJest,1,0,0,1,0,107985,[],[]
15527742,meunomeegal,1,0,0,1,0,730,[],[]
1050461564254474240,JaySureshot,0,0,0,0,1,281,[],[]
135656038,justcallmemacaw,0,0,0,0,0,109,[],[]
3357133564,CeGenreDeB2,5,0,0,5,0,4112,[],[]
1549340630,corr_mc,0,0,0,0,0,377,[],[]
574078070,Jillian_Writes,2,0,0,2,0,1648,[],[]
475116753,LesHailYes,178,12,30,148,11,25539,[],[]
3156946297,danieldiaz132_,2,1,0,2,0,696,[],[]
2293400131,_hugin_,0,0,0,0,0,106,[],[]
964686683026477056,birdelmiron,0,1,0,0,0,54,[],[]
15240625,collzorgs,5,8,0,5,0,3360,[],[]
1301787964763074560,DarroldSr,0,0,0,0,0,2269,[],[]
743410519,JakePerezArt,4,4,1,3,0,493,[],[]
35218041,DaniParisina,5,1,0,5,0,1986,[],[]
785641421692743680,postdiscipline,0,0,0,0,0,1987,[],[]
1210114652,rwxrob,1,0,0,1,0,1716,[],[]
1258886699117133824,deeznutzz69420,1,0,0,1,1,23,[],[]
1133751896911564801,chimponsey,1,2,0,1,0,591,[],[]
15721040,Paul_012,2,1,2,0,1,1716,[],[]
162267995,classicshmeli,0,0,0,0,0,364,[],[]
94157065,cesarcansino,7,4,3,4,0,11999,[],[]
57150246,_PeterStevens,5,1,0,5,0,681,[],[]
730840547825438724,tanjakait,18,2,0,18,0,1665,[],[]
1065195760290078720,Oldpainless3,0,0,0,0,0,76,[],[]
747506857435086848,MDRod1966,0,0,0,0,0,84,[],[]
10775362,bophadesnauts,3,1,0,3,0,624,[],[]
367983327,czechuntr,4,0,0,4,0,1048,[],[]
141283733,DankstoneMemery,0,0,0,0,0,87,[],[]
960807022076878850,CJessyme,0,1,0,0,0,57,[],[]
253861682,theMagicalMrE,1,0,0,1,0,230,[],[]
1114138804389126149,ZaddyPlant,7,1,1,6,0,1069,[],[]
1121795752106156033,justinfeds4,8,0,0,8,0,263,[],[]
351044825,AltCreditJon,0,0,0,0,0,1193,[],[]
147222089,SoyKarinaconK,0,0,0,0,0,682,[],[]
9884292,NaFun,4,1,0,4,0,2406,[],[]
489995654,ronnypascale,39,2,5,34,0,43557,[],[]
578192310,bakedawggg,1,0,0,1,0,876,[],[]
1261422827930030087,Yoboslaces,1,0,0,1,0,528,[],[]
719769900894588929,YukcyB,1,0,0,1,0,45,[],[]
1315696052557819905,KJacoby9,0,0,0,0,0,8,[],[]
1711281463,clancynewyork,3,0,1,2,1,6521,[],[]
4530528372,jdorchen,8,2,0,8,0,1217,[],[]
1307843215815475201,laylolz_,0,0,0,0,0,43,[],[]
270375040,MacAlbatross,1,1,0,1,0,158,[],[]
3108748263,sensi_77,3,1,0,3,0,487,[],[]
2601034658,shinjisucks,1,0,0,1,0,1329,[],[]
764875542583619584,humematu,4,0,0,4,0,103,[],[]
338588377,ahole304,0,0,0,0,0,271,[],[]
52961107,ohJuliatweets,222,8,8,214,0,45848,[],[]
1645913893,trophybeats,3,0,0,3,0,276,[],[]
303845466,debvphd,0,0,0,0,0,109,[],[]
1052574104199602176,LuigiDNapla,1,0,0,1,0,387,[],[]
1277726140250165254,GrittyGetLitty,2,0,0,2,0,3161,[],[]
1258777228189540353,WRWitching,3,1,0,3,0,683,[],[]
30484440,godlikemind,0,0,0,0,0,4350,[],[]
3997957768,CrazyNormie,37,2,0,37,0,2831,[],[]
250477947,spacetime_,0,0,0,0,0,61,[],[]
1285375130554621952,wetdryoily,0,0,0,0,0,30,[],[]
1318629952732889088,jackhalbert11,0,0,0,0,0,0,[],[]
98882438,ACNewman,66,4,4,62,0,32936,[],[]
1060498864271228933,ColoidesOxigeno,6,3,0,6,0,8710,[],[]
1186098562016387073,francopancake,3,0,0,3,0,48,[],[]
746462874,SymanthaDattilo,2,0,0,2,1,338,[],[]
4916551210,cooksey_ford,0,0,0,0,0,642,[],[]
1134145998064902144,LVesus,0,1,0,0,0,257,[],[]
825776263889551360,katevmtr,3,0,0,3,0,267,[],[]
1287677819133231104,OTooheyPatch,1,0,0,1,0,323,[],[]
54664274,hellogines,4,0,1,3,0,3128,[],[]
2178859723,aroll43,0,0,0,0,0,345,[],[]
1221826532815134720,NamedSire,1,0,0,1,0,8,[],[]
35532281,jthemazoo,4,1,0,4,0,528,[],[]
2331847077,guffanti_marco,258,16,28,230,3,13719,[],[]
863214058845200384,ControlRoboto,0,1,0,0,0,406,[],[]
26292579,all_ages,7,0,0,7,0,2686,[],[]
16229694,anthonybwilson,0,0,0,0,0,392,[],[]
249837718,Trickstersworld,9,0,1,8,1,17163,[],[]
949647663875567618,akimoto_tt,0,0,0,0,0,409,[],[]
86814444,funnychristine,2,0,0,2,0,2083,[],[]
334817523,angelictchi,0,1,0,0,0,208,[],[]
171240917,ArnoldSchiller,2,0,1,1,0,1716,[],[]
313029424,LostWizard92,1,0,0,1,0,273,[],[]
2873292334,carlaprado25,5,0,0,5,0,850,[],[]
938763445008326656,rotoyoda33,0,0,0,0,0,2181,[],[]
1258529872206594063,yousayblah,661,19,105,556,5,24859,[],[]
1868902722,nehoc_cram,0,0,0,0,0,8,[],[]
155830874,johanneskoski,380,21,22,358,3,11943,[],[]
967908669093568512,Piece_de_resist,0,0,0,0,0,421,[],[]
1307046858,Msturtridge,0,0,0,0,0,31,[],[]
3263161737,HimbobaFett,0,0,0,0,0,433,[],[]
37755854,terrymaximo,1,0,0,1,0,107,[],[]
1164090913083330560,boston_hoax,0,0,0,0,0,501,[],[]
19004674,DeeDeeEye,1,0,0,1,0,594,[],[]
273045994,pjwood26,3,1,0,3,1,375,[],[]
1316659340884021248,Dreamnightly4,3,3,2,1,1,159,[],[]
834542282,czduchin,1,0,0,1,0,11133,[],[]
194179893,irimiabarroso,20,3,0,20,0,3436,[],[]
970048590491111424,TheAbsoluteSt8,2,1,0,2,0,391,[],[]
1180400048393334784,PhilLineage,1,0,0,1,0,1244,[],[]
808312778,lawksland,0,0,0,0,0,485,[],[]
558658115,JuanBleachVip,1,1,0,1,0,276,[],[]
1266879360641925122,henderson_niecy,0,0,0,0,0,121,[],[]
20773960,Tarnimus,6,1,1,5,0,1225,[],[]
446636030,worldwidenieuws,0,0,0,0,0,984,[],[]
951100830488387586,BurgSkeletal,5,2,0,5,0,1939,[],[]
253368154,_oz___,0,0,0,0,0,479,[],[]
1074224643865743361,moderategarbage,0,0,0,0,0,28,[],[]
1705673251,JoylentGreen,0,1,0,0,0,570,[],[]
2644016405,anlahera,1,0,0,1,0,1245,[],[]
23618173,FKeuleneer,10,2,1,9,0,9187,[],[]
39193037,kidnotor,0,0,0,0,0,856,[],[]
39724359,Its_Me_Mel_,1,0,0,1,0,586,[],[]
1257819729055682560,MeanyPaolo,1,0,1,0,0,36,[],[]
16480728,giorgiobiscaro,0,0,0,0,0,1012,[],[]
3291797233,emily__smh,14,1,4,10,0,118,[],[]
1272961529072230402,copp_sebastien,0,0,0,0,0,301,[],[]
159423519,Taltoz,0,0,0,0,0,70,[],[]
14494462,theNeo42,26,6,2,24,0,3111,[],[]
875707813,carnalazour,3,0,0,3,0,82,[],[]
1106206336499490818,motherofthots,1,1,0,1,0,103,[],[]
504034164,PwnedSnake,0,0,0,0,0,252,[],[]
1320937897009291265,the_tolerater,0,1,0,0,0,235,[],[]
1189701649356525569,notwoodywoods,0,0,0,0,0,9,[],[]
601493738,HeWhoIsSpicy,16,3,1,15,0,2129,[],[]
1726575967,Greendividuell,0,1,0,0,0,440,[],[]
956050925558423552,spliffgremlin69,4,0,0,4,0,199,[],[]
1291372675512905728,konnor57896202,0,0,0,0,0,0,[],[]
244278345,themrd81,0,0,0,0,0,1712,[],[]
8920302,snboyle,3,0,0,3,0,1744,[],[]
1012415365970874368,ForgetQuebec,0,0,0,0,0,909,[],[]
1285322708692205568,ISuccWater,0,0,0,0,0,22,[],[]
1223311405757227013,ThatsGoing,0,0,0,0,0,40,[],[]
242212460,kurtzjd,3,0,1,2,0,227,[],[]
278333026,lawarbitrators,0,1,0,0,0,118,[],[]
477290094,MRasconCPA,0,0,0,0,0,2352,[],[]
3244416637,McCartn_ebooks,0,0,0,0,0,26,[],[]
825846669010931712,AmericanVoR,27,1,1,26,0,10329,[],[]
1298023294050816000,ElderlyPoster,0,0,0,0,0,469,[],[]
2428384925,DefyingDutchman,1,0,0,1,0,674,[],[]
823063792997150720,JoyceBray17,0,0,0,0,0,382,[],[]
446822996,TommSciortino,16,3,0,16,0,2108,[],[]
249298125,SavageSteamboat,0,0,0,0,0,561,[],[]
59773271,pandamask,0,0,0,0,0,1369,[],[]
109155876,rajandelman,35,0,0,35,0,14330,[],[]
1241326981293191168,MinorityNxtDoor,2,0,0,2,0,35,[],[]
2867337681,Promissoftware,0,0,0,0,0,161,[],[]
16377814,CionaodMcGrath,0,0,0,0,0,1333,[],[]
1042183639335755777,Cammberg,1,0,0,1,0,221,[],[]
637143059,tvanantwerp,0,1,0,0,0,492,[],[]
23232204,ShaneGoldmacher,34,5,12,22,2,75339,[],[]
31532083,ChrisMegerian,228,7,66,162,4,53754,[],[]
1257426550334472192,stargonewrong,0,0,0,0,0,160,[],[]
796738017444720640,imJZB,0,0,0,0,0,70,[],[]
705839785596862464,rebelheartedfox,0,0,0,0,0,299,[],[]
831062762663067652,marcella_mrino,5,0,0,5,0,1979,[],[]
1294804007618252801,Politicalindep2,0,0,0,0,0,60,[],[]
556507072,theslapsband,8,0,2,6,0,785,[],[]
2247758126,UpstateMahogany,4,1,0,4,0,105,[],[]
91930781,poeticdweller,4,0,0,4,0,2626,[],[]
1135410747712782337,GracefulBlabber,1,1,0,1,0,167,[],[]
221779700,Jazzclusive,0,0,0,0,0,148,[],[]
871814915463548928,Carthage_ghost,2,2,0,2,0,633,[],[]
979364966053613570,Yoshemo1,1,0,0,1,0,159,[],[]
579079532,Dr_shunga,0,0,0,0,0,456,[],[]
34533138,sheltgarner,0,0,0,0,0,4243,[],[]
107463169,TheSusanMarie,0,0,0,0,0,1137,[],[]
3298634655,t_mihaljevic,1,1,0,1,0,248,[],[]
1218009358925279232,bokehbenen,0,0,0,0,0,51,[],[]
989207813531488256,WolfeCache,0,0,0,0,0,1199,[],[]
44883942,JustMeJaws,0,0,0,0,0,1647,[],[]
4852697664,StudentOfEth,1,0,0,1,0,558,[],[]
271673961,themediawitch,12,1,1,11,0,3247,[],[]
3317368241,strngloves,4,3,0,4,0,1609,[],[]
247610675,Paleophile,1,1,0,1,0,6924,[],[]
921461337145868288,allenmurchland,0,0,0,0,0,0,[],[]
2494210622,LiveLavaLamp,13,1,0,13,0,362,[],[]
432169893,PSU_Blaze,4,0,0,4,0,6424,[],[]
1240335265346072577,613_Me,0,0,0,0,0,287,[],[]
199743360,En_MediasRes,1,0,0,1,0,417,[],[]
28554711,ScottMercer,0,0,0,0,0,1053,[],[]
25846333,MalliOverMedia,0,0,0,0,0,9,[],[]
3197949396,lilgrapefruits,86,2,3,83,1,20990,[],[]
398429110,smokymtnoutlaw,2,1,0,2,0,429,[],[]
248072326,seafocks,6,0,1,5,1,349,[],[]
545445165,molly0xFFF,22,2,0,22,0,36626,[],[]
178093512,Drewdawg101,0,0,0,0,0,19,[],[]
3335130280,Paeddy1994_yt,0,1,0,0,0,458,[],[]
29405939,hellmart,2,0,0,2,0,1862,[],[]
1136941687241138176,molaasinaria,8,2,0,8,0,869,[],[]
4271128513,dannym_le,4,0,0,4,0,44,[],[]
1313484092806254596,Sonia00555007,0,0,0,0,0,13,[],[]
23674486,sleafordmods,243,10,8,235,1,90502,[],[]
376239141,tantepiep,1,1,0,1,0,383,[],[]
229501414,Susan11718,0,1,0,0,0,59,[],[]
1250049483829886979,FurlongBo,1,0,0,1,0,60,[],[]
2726528564,fakepeoplebot,0,0,0,0,0,1190,[],[]
823855995835314178,rezncut,0,0,0,0,0,62,[],[]
14800938,martianman___,0,0,0,0,0,380,[],[]
893289810625871872,theminorchords,32,4,5,27,1,1049,[],[]
89810410,jjjjjjjjohannah,2,2,0,2,0,1226,[],[]
15714590,Requia,1,1,0,1,0,6715,[],[]
4113947937,Lunasticks,2,0,0,2,0,149,[],[]
736273017358147584,zephyr_corsair,0,0,0,0,0,485,[],[]
1242510344280563712,lazer_rodeo,3,0,0,3,0,119,[],[]
1176927360295276545,Spamtasm_,0,0,0,0,0,255,[],[]
16324063,phil_white,4,0,0,4,0,1655,[],[]
1141145608067198978,KevinKiepe,8,0,8,0,0,141,[],[]
1098835104305016833,dannarebb,1,0,0,1,0,694,[],[]
269056728,mimilunyestplus,0,0,0,0,0,44,[],[]
799420581389209600,RevolverDotCom,3,0,0,3,0,363,[],[]
94381018,Wikisteff,7,6,1,6,0,6069,[],[]
2572247590,DalyRd,0,0,0,0,0,322,[],[]
826320560535773184,Haplessbeignet,4,2,0,4,0,2305,[],[]
846848187658850306,JeffifferFifths,0,0,0,0,0,231,[],[]
14801270,nachonachete,1,1,0,1,0,122,[],[]
14960375,NateRethorn,0,0,0,0,0,344,[],[]
3389942932,ZinfoInfo,0,0,0,0,0,161,[],[]
493657049,vanessalingyu,0,0,0,0,0,1854,[],[]
976438855426592770,josemgzc,0,0,0,0,0,56,[],[]
85723075,fabienmajor,11,3,2,9,0,17087,[],[]
4841657832,corvidsrcool,1,0,0,1,0,938,[],[]
163500518,dietC0kehead,4,0,0,4,0,143,[],[]
808023126919376897,timsfunhouse,10,5,1,9,0,8795,[],[]
120388950,Ahnnastaysia,9,0,1,8,1,2133,[],[]
3416648847,mpbizdev,0,1,0,0,0,307,[],[]
1264546644965629952,neverthetories,0,0,0,0,0,376,[],[]
703366082086604800,YaBoyNamedBrady,9,3,0,9,0,1328,[],[]
882292164016734208,aiming_love,4,0,0,4,0,3307,[],[]
1314657073762762752,NoMoreElites,0,0,0,0,0,2,[],[]
1012141971601743873,9mmballpoint,11,0,0,11,0,4749,[],[]
1022041526975844352,matthias_coppin,2,0,1,1,0,76,[],[]
1596500612,MarionDansLaCom,1,0,0,1,0,841,[],[]
146188405,csickendieck,1,0,0,1,0,986,[],[]
145716301,Hip2Housewife,1,0,0,1,0,15204,[],[]
1442624720,neqone,1,0,0,1,0,726,[],[]
31547739,JakePlunkett,8,0,2,6,0,8782,[],[]
915605125422567426,Der_Nachtvogel,3,1,0,3,0,291,[],[]
904736210270244865,realcoachfitty,1,0,0,1,0,58,[],[]
715159694701117442,ThoseGayLads,0,0,0,0,0,644,[],[]
886650338,Perrette56,0,0,0,0,0,248,[],[]
1360468428,carlosrossimc,0,0,0,0,0,1265,[],[]
4214960532,ScottNewmanWpg,4,3,0,4,0,1123,[],[]
182086979,russellbrandom,2,0,0,2,0,11181,[],[]
703637991168737282,DemocratSoldier,0,0,0,0,0,10004,[],[]
846031172807413764,noam_sch,46,1,0,46,0,7222,[],[]
1212475014018035712,Mayarlathotep,2,0,1,1,0,1012,[],[]
1355241667,Manon_Rd,1,0,0,1,0,412,[],[]
796150131221557248,wbeckeroo,23,1,2,21,1,924,[],[]
751292192,Carl_Disley,0,0,0,0,0,535,[],[]
3308241308,bettyblack176,0,0,0,0,0,3396,[],[]
987342300056449026,buffaloSldr_53A,0,0,0,0,0,11,[],[]
47847417,ShonkZachwiler,3,0,0,3,0,387,[],[]
231871432,chez4prezz,0,0,0,0,0,145,[],[]
3119371211,jeschmucker,0,0,0,0,0,39,[],[]
383480975,nitecrawler0,0,0,0,0,0,129,[],[]
1106176995396911104,shirooaka,0,1,0,0,0,95,[],[]
960506102,boy_mouha,2,0,0,2,0,109,[],[]
1021115905730805761,WilliamIsmael18,0,0,0,0,0,30,[],[]
583055798,Cocolagy,4,2,0,4,0,1730,[],[]
719501028085927936,MaevaVasco,1,0,0,1,0,256,[],[]
995920956,zoeazure,0,0,0,0,0,832,[],[]
1216768697571979266,zxysis,1,0,0,1,0,308,[],[]
551998609,MoliereDuBitume,0,0,0,0,0,135,[],[]
19243787,TN_Proud1776,1,0,0,1,0,1134,[],[]
3055512569,xlacjustx,0,0,0,0,0,320,[],[]
755823259942346753,sicogitans,0,0,0,0,0,42,[],[]
1007336943632478209,Mrxy123456789,1,0,0,1,0,2112,[],[]
4281568632,AtheismisComing,1,0,0,1,0,11660,[],[]
23059662,Seve86,0,0,0,0,0,250,[],[]
1583519298,clemandhim,2,0,0,2,0,651,[],[]
321085112,EstroJenn_,3,2,1,2,0,518,[],[]
1181546338854592513,HurandJulien,0,0,0,0,0,311,[],[]
1118866370920374272,nath_lilly,0,0,0,0,0,509,[],[]
1228452155515949056,portablejaws,6,1,0,6,0,106,[],[]
3207847851,a_pstl,0,0,0,0,0,377,[],[]
274704108,IM3rdEye,0,0,0,0,0,680,[],[]
758060341049700356,LOYAL2JC,0,0,0,0,0,1909,[],[]
842537768223891456,shubstub,5,0,0,5,0,161,[],[]
1329211076,MacLynette,1,0,0,1,0,92,[],[]
2620221614,Chavaranks_,0,0,0,0,0,279,[],[]
3394281539,couquil4,0,0,0,0,0,387,[],[]
45666548,brittanybreslin,1,0,0,1,0,1319,[],[]
718747111190315009,SaraRiveiro,20,4,0,20,0,19520,[],[]
1476565230,IamBeingSandy,0,1,0,0,0,1644,[],[]
215094910,jacked_chan,5,0,0,5,0,450,[],[]
3371400978,ASUDUROSHI,0,0,0,0,0,40,[],[]
2794715408,XXXTCPorno,0,0,0,0,0,3269,[],[]
988287085667930112,Maryuniversal1,2,0,0,2,0,142,[],[]
719235555318366208,Rstandiego,1,1,0,1,0,160,[],[]
1224033134326558721,AnitaSeifert3,0,0,0,0,0,2187,[],[]
1205266633125695489,peddling_paulie,0,0,0,0,0,79,[],[]
839913888,0x520,13,2,4,9,1,637,[],[]
842882587,BoxingEmbassy,0,0,0,0,0,1833,[],[]
124882704,bmill42,23,1,4,19,0,469,[],[]
1321526192697012229,BBBNewsMag,0,0,0,0,0,79,[],[]
486738418,btsy7,0,0,0,0,0,2312,[],[]
985667565392465921,tinfoilted1,0,0,0,0,0,1159,[],[]
